-- Ingresar al esquema PROVEEDOR_LEADS_4
ALTER SESSION SET CURRENT_SCHEMA = PROVEEDOR_LEADS_4;

-- Insertar registros en la tabla CATEGORIAS en Oracle, uno por uno
INSERT INTO CATEGORIAS (ID_CATEGORIA, DESCRIPCION) VALUES (1, 'Electrónica');
INSERT INTO CATEGORIAS (ID_CATEGORIA, DESCRIPCION) VALUES (2, 'Ropa');
INSERT INTO CATEGORIAS (ID_CATEGORIA, DESCRIPCION) VALUES (3, 'Hogar');
INSERT INTO CATEGORIAS (ID_CATEGORIA, DESCRIPCION) VALUES (4, 'Juguetes');
INSERT INTO CATEGORIAS (ID_CATEGORIA, DESCRIPCION) VALUES (5, 'Deportes');
    
-- Insertar registros en la tabla PROVEEDORES en Oracle, uno por uno
INSERT INTO PROVEEDORES (ID_PROVEEDOR, NOMBRE, DIRECCION, TELEFONO) VALUES (1, 'Proveedor A', 'Calle Guatemala #123', '12345678');
INSERT INTO PROVEEDORES (ID_PROVEEDOR, NOMBRE, DIRECCION, TELEFONO) VALUES (2, 'Proveedor B', 'Avenida B #456', '98765432');
INSERT INTO PROVEEDORES (ID_PROVEEDOR, NOMBRE, DIRECCION, TELEFONO) VALUES (3, 'Proveedor C', 'Guatemala #789', '55555555');
INSERT INTO PROVEEDORES (ID_PROVEEDOR, NOMBRE, DIRECCION, TELEFONO) VALUES (4, 'Proveedor D', 'Avenida D #101', '11112222');
INSERT INTO PROVEEDORES (ID_PROVEEDOR, NOMBRE, DIRECCION, TELEFONO) VALUES (5, 'Proveedor E', 'Calle E #555', '99998888');

-- Insertar registros en la tabla PRODUCTOS en Oracle, uno por uno
INSERT INTO PRODUCTOS (ID_PRODUCTO, DESCRIPCION, PRECIO, ID_CATEGORIA, ID_PROVEEDOR) VALUES (1, 'Televisor LED 40"', 499.99, 1, 1);
INSERT INTO PRODUCTOS (ID_PRODUCTO, DESCRIPCION, PRECIO, ID_CATEGORIA, ID_PROVEEDOR) VALUES (2, 'Camiseta deportiva', 29.99, 2, 2);
INSERT INTO PRODUCTOS (ID_PRODUCTO, DESCRIPCION, PRECIO, ID_CATEGORIA, ID_PROVEEDOR) VALUES (3, 'Sofá de cuero', 699.99, 3, 3);
INSERT INTO PRODUCTOS (ID_PRODUCTO, DESCRIPCION, PRECIO, ID_CATEGORIA, ID_PROVEEDOR) VALUES (4, 'Juego de mesa', 19.99, 4, 4);
INSERT INTO PRODUCTOS (ID_PRODUCTO, DESCRIPCION, PRECIO, ID_CATEGORIA, ID_PROVEEDOR) VALUES (5, 'Zapatillas de running', 79.99, 5, 5);

-- Insertar registros en la tabla CLIENTES en Oracle, uno por uno
INSERT INTO CLIENTES (ID_CLIENTE, NOMBRE, DIRECCION, TELEFONO) VALUES (1, 'Cliente 1', 'Calle Guatemala #123', '11112233');
INSERT INTO CLIENTES (ID_CLIENTE, NOMBRE, DIRECCION, TELEFONO) VALUES (2, 'Cliente 2', 'Avenida B #456', '22223344');
INSERT INTO CLIENTES (ID_CLIENTE, NOMBRE, DIRECCION, TELEFONO) VALUES (3, 'Cliente 3', 'Guatemala #789', '33334455');
INSERT INTO CLIENTES (ID_CLIENTE, NOMBRE, DIRECCION, TELEFONO) VALUES (4, 'Cliente 4', 'Avenida D #101', '44445566');
INSERT INTO CLIENTES (ID_CLIENTE, NOMBRE, DIRECCION, TELEFONO) VALUES (5, 'Cliente 5', 'Calle E #555', '55556677');

COMMIT;